7-Eleven (เซเว่น อีเลฟเว่น),7-Eleven
Aeropuerto de Madrid Barajas Adolfo Suárez,Madrid Airport Barajas Adolfo Suárez
All Seasons Place (ออล ซีซั่นส์ เพลส),All Seasons Place
Aristotelous Square (Πλατεία Αριστοτέλους),Aristotelous Square
Asiatique The Riverfront (เอเชียทีค เดอะ ริเวอร์ฟร้อนท์),Asiatique The Riverfront
Bakırköy Kaymakamlığı,Bakirkoy District Governorate
Bangkok Bank (ธนาคารกรุงเทพ),Bangkok Bank
Bangkok University (มหาวิทยาลัยกรุงเทพ),Bangkok University
"Bergen Lufthavn, Flesland (BGO) (Bergen Lufthavn, Flesland)","Bergen Airport, Flesland"
Bhiraj Tower at Sathon (ภิรัชทาวเวอร์ แอท สาทร),Bhiraj Tower at Sathon
Bonjour Resto - Beefsteak Hai Bà Trưng,Bonjour Resto - Beefsteak Hai Ba Trung
BTS Saphan Taksin (S6) (BTS สะพานตากสิน),BTS Saphan Taksin
Burger King (เบอร์เกอร์ คิง),Burger King
Café de Turin,Cafe de Turin
Central Salaya (เซ็นทรัล ศาลายา),Central Salaya
Chamchuri Square (จัตุรัสจามจุรี),Chamchuri Square
Chiang Mai Gate Market (ตลาดประตูเชียงใหม่),Chiang Mai Gate Market
Chiang Mai International Airport (CNX) (ท่าอากาศยานเชียงใหม่),Chiang Mai International Airport
Chiap Hong Seng (เจี๊ยบฮงเส็ง),Chiap Hong Seng
Chulalongkorn University (จุฬาลงกรณ์มหาวิทยาลัย),Chulalongkorn University
Citéa,Citea
Copenhagen Airport (CPH) (Københavns Lufthavn),Copenhagen Airport
Cung Thiếu Nhi Hà Nội,Ha Noi children park
Daejeon Convention Center (대전컨벤션센터),Daejeon Convention Center
Đôi Dép Cafe,Doi Dep Cafe
EmQuartier (เอ็มควอเทียร์),Emquartier
Faculty of Engineering (คณะวิศวกรรมศาสตร์),Faculty of Engineering
Flughafen Frankfurt (FRA) (Frankfurt Airport),Frankfurt Airport
Flughafen München (MUC),Munich Airport
Future Park (ฟิวเจอร์พาร์ค),Future Park
Gwangjang Market (광장시장),Gwangjang Market
Hamilton Hotel (해밀턴호텔),Hamilton Hotel
Hoan Kiem Lake (Hồ Hoàn Kiếm),Hoan Kiem Lake
Hội Ngộ quán,Hoi Ngo Restaurant
ICONSIAM (ไอคอนสยาม),ICONSIAM
Independence Palace / Reunification Palace (Dinh Thống Nhất),Independence Palace
Istanbul Airport (IST) (İstanbul Havalimanı),Istanbul Airport
Istanbul Atatürk Airport (ISL) (İstanbul Atatürk Havalimanı),Istanbul Ataturk Airport
İstanbul Atatürk Havalimanı,Istanbul Ataturk Airport
İstanbul Havalimanı,Istanbul Airport
İstanbul Havalimanı Tasfiye İşletme Müdürlüğü,Istanbul Airport
İstanbul Havalimanı Tasfiye İşletme Müdürlüğü,Istanbul Airport
İstanbul Havalimanı Tasfiye İşletme Müdürlüğü,Istanbul Airport
Jamsai,Jamsai Cafe
Kasikorn Bank (ธนาคารกสิกรไทย),Kasikorn Bank
Khách Sạn Pastel Inn Sài Gòn,Pastel Inn Saigon Hotel
Khlong San Market (ตลาดคลองสาน),Khlong San Market
Kince Bangkok cafe,Kance Bangkok Cafe
Kiri Hotel Chiang Mai,Left Hotel Chiang Mai
KMUTT Library (สำนักหอสมุด มจธ.),KMUTT Library
Københavns Lufthavn Kastrup,Copenhagen Airport Kastrup
Kolbaşlar Otomativ,Kolbaslar Automotive
Krirk University (มหาวิทยาลัยเกริก),KRIRK University
KU Avenue (เค ยู อเวนิว),KU Avenue
La Terraza de Chamartin,THE CHAMMRIN TERRACE
Lotte City Hotel Daejeon (롯데시티호텔대전),Lotte City Hotel Daejeon
Lugano Railway Station (Stazione Lugano),Lugano Railway Station
Madrid-Chamartín Railway Station (Estación de Madrid-Chamartín-Clara Campoamor),Madrid-Chamartin Railway Station
Mahidol University (มหาวิทยาลัยมหิดล),Mahidol University
Maple Tree House (단풍나무집),Maple Tree House
McDonald's & McCafé (แมคโดนัลด์ & แมคคาเฟ่),McDonald's & McCafé
MD Medical Βιομετρική,MD Medical Biometric
Metro Chamartín,Chamartin Metro
Montréal-Pierre Elliott Trudeau International Airport (YUL) (Aéroport international Pierre-Elliott-Trudeau de Montréal),Montreal-Pierre Elliott Trudeau International Airport
Mueang Chiang Mai District Office (ที่ว่าการอำเภอเมืองเชียงใหม่),Chiang Mai District Office
München Flughafen Terminal 2,Munich Airport Terminal 2
Noi Bai International Airport (HAN) (Sân bay Quốc tế Nội Bài),Noi Bai International Airport
PAT Stadium (สนามฟุตบอลสโมสรการท่าเรือแห่งประเทศไทย),Pat Stadium
Phòng Đào Tạo Uel,UEL Training Department
Quán Cây Dừa,Cay Dua Restaurant
Quán Vịt Gầy,Vit Gay Restaurant
Robinson (โรบินสัน),Robinson
Seoul Station - KTX/Korail (서울역 KTX/코레일),Seoul Station
Siam Square (สยามสแควร์),Siam Square
Siam Takashimaya (สยาม ทาคาชิมายะ),Siam Takashimaya
Siamese Nanglinchi (ไซมิส นางลิ้นจี่),Siamese Nanglinchi
"Spaces - Bergen, Spaces Vaskerelven",Spaces Vaskerelven
Srinakharinwirot University (มหาวิทยาลัยศรีนครินทรวิโรฒ),Srinakharinwirot University
Stamford International University (มหาวิทยาลัยนานาชาติแสตมฟอร์ด),Stamford International University
Starbucks (สตาร์บัคส์),Starbucks
Starbucks (스타벅스),Starbucks
Súp Cua Nhà Thờ Đức Bà,Notre Dame Cathedral Soup
Suvarnabhumi Airport  ท่าอากาศยานสุวรรณภูมิ,Suvarnabhumi Airport
Suvarnabhumi Airport (BKK) (ท่าอากาศยานสุวรรณภูมิ),Suvarnabhumi Airport
Suvarnabhumi Airport Cargo Clearance Customs Bureau (สำนักงานศุลกากรตรวจสินค้าท่าอากาศยานสุวรรณภูมิ (สสภ.)),Suvarnabhumi Airport
Tan Son Nhat International Airport (SGN) (Sân Bay Quốc Tế Tân Sơn Nhất),Tan Son Nhat International Airport
The Fountain (더 파운틴),The Fountain
The Good View Village (เดอะ กู๊ดวิว วิลเลจ),The Good View Village
The Rouge Flower - 더루즈플라워,The Rouge Flower
Thessaloniki International Airport Macedonia (SKG) (Διεθνής Κρατικός Αερολιμένας Θεσσαλονίκης Μακεδονία),Thessaloniki International Airport Macedonia
Thư Viện Điện Tử lầu 10 ĐH Tôn Đức Thắng,Ton Duc Thang University
THY Occ Binası,THY OCC Building
TOM N TOMS (ทัม แอนด์ ทัมส์),TOM N TOMS
Universidad Autónoma de Madrid,Autonomous University of Madrid
USI Università della Svizzera italiana Edificio Principale // Main Building,USI Universita della Svizzera italiana
Wat Tung Yu (วัดทุงยู),Tung Yu Temple
Wat Umong (วัดอุโมงค์),Umong Temple
Zurich Airport (ZRH) (Flughafen Zürich),Zurich Airport
Zurich Main Station (Zürich Hauptbahnhof),Zurich Main Station
"Δικηγορικό Γραφείο Παύλος Κεσόγλου, Ασημίνα Μαγγόλα και Συνεργάτες","Law Office Pavlos Kesoglou, Asimina Mangola and Associates"
Μαλλιώρας Κοντοσούβλι,Mallioras Kontosouvli
Οδοντιατρείο Παύλος Παπαδόπουλος,Pavlos Papadopoulos Dentistry
Στοά Χιρς,Baron Hirsch Hall
Τεχνικό Γραφείο Μηχανική - Συμβουλευτική,Technical Office Engineering - Counseling
Το Παντοπωλείο της Θεσσαλονίκης,The Grocery Store of Thessaloniki
Φάτε Σκάστε,Eat Skaste
จุฬาลงกรณ์มหาวิทยาลัย,Chulalongkorn University
เจริญกรุง65,Charoen Krung 65
โจ๊กหน้าศาลเจ้าแม่พรหมเมศ,Porridge in front of Phrommet Shrine
เชอร์รี่เย็นตาโฟร์,Cherry Yentafo
ธนาคารเลือด โรงพยาบาลธรรมศาสตร์,Thammasat Hospital
ผัดไทย5รส,Pad Thai 5 flavor
เฟื่องฟ้าเพลส,Bougain Fah Place
มหาวิทยาลัยเกษตรศาสตร์,Kasetsart University
มหาวิทยาลัยเชียงใหม่,Chiang Mai University
มหาวิทยาลัยธรรมศาสตร์,Thammasat University
มหาวิทยาลัยศิลปากร,Silpakorn University
ร้านข้าวหอม,Khao Hom Restaurant
ร้านข้าวหอม,Khao Hom Restaurant
ร้านอาหาร Cafe de Salil,Cafe de Salil restaurant
โรตีหลังวัดสุทธิ,Roti behind Sutthi Temple
สตาร์บัคส์,Starbucks
หน้าอำเภอ,District Front
อาคาร 40 ปี คณะวิทยาศาสตร์ (SCB2),Faculty of Science
골프존 신사옥 및 복합문화센터 부지,Golfzon
김태홍 식당 (셰프 김태홍),Kim Taehong Restaurant
낙원떡집,Nagwon Rice Cake House
대전역,Daejeon Station
대전컨벤션센터,Daejeon Convention Center
더 스테이크 하우스 피어 79 로열스테이크,The Steak House Peer 79 Royal Steak
반포동 놀이터,Banpodong Playground
선화랑,Seon Gallery
수도온누리약국,The capital Onnuri Pharmacy
오류옥천가,Oryu Okcheonga
인천국제공항,Incheon International Airport
정우연,Jung Woo-yeon
준우집,Junwoo house
청평숯불갈비,Cheongpyeong Charcoal Fire Ribs
테크노월드,Techno World
한국과학기술원,Korea Institute of Science and Technology
한옥찻집,Hanok tea house
한지마트,Hanji Mart
홍콩반점 0410,Hong Kong Restaurant 0410
황기순의 손칼국수 & 왕돈까스,Hwang Ki-soon's Hand Noodles & Pork Cutlet